<pos_static_blocks>
<!-- static block configuration -->
	<block>
		<id_posstaticblock>1</id_posstaticblock>
		<identify>about_us</identify>
		<hook_position>displayFooterAfter</hook_position>
		<name_module></name_module>
		<hook_module>0</hook_module>
		<posorder>0</posorder>
		<insert_module>0</insert_module>
		<active>0</active>
		<is_default>0</is_default>
		<showhook>1</showhook>
	</block>
	<block>
		<id_posstaticblock>2</id_posstaticblock>
		<identify>payment_block</identify>
		<hook_position>displayBlockFooter1</hook_position>
		<name_module></name_module>
		<hook_module>0</hook_module>
		<posorder>0</posorder>
		<insert_module>0</insert_module>
		<active>0</active>
		<is_default>0</is_default>
		<showhook>1</showhook>
	</block>
	<block>
		<id_posstaticblock>3</id_posstaticblock>
		<identify>copyright_block</identify>
		<hook_position>displayBlockFooter2</hook_position>
		<name_module></name_module>
		<hook_module>0</hook_module>
		<posorder>0</posorder>
		<insert_module>0</insert_module>
		<active>0</active>
		<is_default>0</is_default>
		<showhook>1</showhook>
	</block>
	<block>
		<id_posstaticblock>4</id_posstaticblock>
		<identify>links_footer</identify>
		<hook_position>displayBlockFooter2</hook_position>
		<name_module></name_module>
		<hook_module>0</hook_module>
		<posorder>0</posorder>
		<insert_module>0</insert_module>
		<active>0</active>
		<is_default>0</is_default>
		<showhook>1</showhook>
	</block>
<!-- block language configuration -->	
	<block_language>
		<id_posstaticblock>1</id_posstaticblock>
		<id_lang>1</id_lang>
		<title>About Us</title>
		<description>
			 <![CDATA[
				<div class="about_us ">
				<div class="logo_footer"><a href="#"><img src="/pos_volga/img/cms/logo_footer.png" alt="" /> </a></div>
				<div class=" footer-info">
				<div class="desc_footer">We are a team of designers and developers that create high quality Magento, Prestashop, Opencart.</div>
				<div class="address_footer">
				<h2>Contact info:</h2>
				<p>169-C, Technohub, Dubai Silicon Oasis.</p>
				</div>
				</div>
				</div>
			 ]]>
		</description>
	</block_language>
		<block_language>
		<id_posstaticblock>2</id_posstaticblock>
		<id_lang>1</id_lang>
		<title>Payment Block</title>
		<description>
			 <![CDATA[
			<div class="tag_payment">
			<div class="container">
			<div class="tag_content"><a href="#">Online Shopping</a> <a href="#">Promotions</a> <a href="#">My Orders</a> <a href="#">Help</a> <a href="#">Customer Service</a> <a href="#">Support</a> <a href="#">Most Populars</a> <a href="#">New Arrivals</a> <a href="#">Special Products</a> <a href="#">Manufacturers</a> <a href="#">Our Stores</a> <a href="#">Shipping</a> <a href="#">Payments</a> <a href="#">Warantee</a> <a href="#">Refunds</a> <a href="#">Checkout</a> <a href="#">Discount</a> <a href="#">Terms & Conditions</a> <a href="#">Policy</a> <a href="#">Shipping</a> <a href="#">Payments</a> <a href="#">Returns</a> <a href="#">Refunds</a></div>
			<div class="payment"><img src="/pos_volga/img/cms/payment.png" alt="" class="img-responsive" /></div>
			</div>
			</div>
			 ]]>
		</description>
	</block_language>
	
	<block_language>
		<id_posstaticblock>3</id_posstaticblock>
		<id_lang>1</id_lang>
		<title>Copyright Block</title>
		<description>
			 <![CDATA[
				<div class="copyright col-xs-12 col-sm-12 col-md-6 ">Copyright <i class="icon-copyright"></i> <a href="http://posthemes.com/">Posthemes</a>. All Rights Reserved</div>
			 ]]>
		</description>
	</block_language>
	<block_language>
		<id_posstaticblock>4</id_posstaticblock>
		<id_lang>1</id_lang>
		<title>Links Footer</title>
		<description>
			 <![CDATA[
				<div class="links-footer col-xs-12 col-sm-12 col-md-6"><a href="#">home</a> <a href="#">About</a> <a href="#">Shop</a> <a href="#">Contact</a></div>
			 ]]>
		</description>
	</block_language>
<!-- block shop configuration -->
	<block_shop>
		<id_posstaticblock>1</id_posstaticblock>
		<id_shop>1</id_shop>
	</block_shop>
	<block_shop>
		<id_posstaticblock>2</id_posstaticblock>
		<id_shop>1</id_shop>
	</block_shop>
	<block_shop>
		<id_posstaticblock>3</id_posstaticblock>
		<id_shop>1</id_shop>
	</block_shop>
	<block_shop>
		<id_posstaticblock>4</id_posstaticblock>
		<id_shop>1</id_shop>
	</block_shop>
</pos_static_blocks>