<pos_static_blocks>
<!-- static block configuration -->
	<block>
		<id_posstaticblock>1</id_posstaticblock>
		<identify>banner_slide</identify>
		<hook_position>displayNav1</hook_position>
		<name_module></name_module>
		<hook_module>0</hook_module>
		<posorder>0</posorder>
		<insert_module>0</insert_module>
		<active>0</active>
		<showhook>1</showhook>
	</block>
	<block>
		<id_posstaticblock>2</id_posstaticblock>
		<identify>static_info</identify>
		<hook_position>displayBlockPosition1</hook_position>
		<name_module></name_module>
		<hook_module>0</hook_module>
		<posorder>0</posorder>
		<insert_module>0</insert_module>
		<active>0</active>
		<showhook>1</showhook>
	</block>
	<block>
		<id_posstaticblock>3</id_posstaticblock>
		<identify>home_banner</identify>
		<hook_position>displayBlockPosition2</hook_position>
		<name_module></name_module>
		<hook_module>0</hook_module>
		<posorder>0</posorder>
		<insert_module>0</insert_module>
		<active>0</active>
		<showhook>1</showhook>
	</block>
	<block>
		<id_posstaticblock>4</id_posstaticblock>
		<identify>home_banner2</identify>
		<hook_position>displayBlockPosition3</hook_position>
		<name_module></name_module>
		<hook_module>0</hook_module>
		<posorder>0</posorder>
		<insert_module>0</insert_module>
		<active>0</active>
		<showhook>1</showhook>
	</block>
	<block>
		<id_posstaticblock>5</id_posstaticblock>
		<identify>customer_support</identify>
		<hook_position>displayBlockPosition4</hook_position>
		<name_module></name_module>
		<hook_module>0</hook_module>
		<posorder>0</posorder>
		<insert_module>0</insert_module>
		<active>0</active>
		<showhook>1</showhook>
	</block>
	<block>
		<id_posstaticblock>6</id_posstaticblock>
		<identify>pt_ver_menu_idcat_3_right</identify>
		<hook_position>displayTop</hook_position>
		<name_module></name_module>
		<hook_module>0</hook_module>
		<posorder>0</posorder>
		<insert_module>0</insert_module>
		<active>0</active>
		<showhook>0</showhook>
	</block>
<!-- block lang configuration -->
	<block_lang>
		<id_posstaticblock>1</id_posstaticblock>
		<id_lang>1</id_lang>
		<title>Banner Slide</title>
		<description>
			 <![CDATA[
			<div class="banner-slide">
			<div class="banner-box"><a href="#"><img src="/pos_volga/img/cms/1_1.jpg" alt="" /></a></div>
			<div class="banner-box"><a href="#"><img src="/pos_volga/img/cms/2_1.jpg" alt="" /></a></div>
			<div class="banner-box"><a href="#"><img src="/pos_volga/img/cms/3_1.jpg" alt="" /></a></div>
			</div>
			 ]]>
		</description>
	</block_lang>
	<block_lang>
		<id_posstaticblock>2</id_posstaticblock>
		<id_lang>1</id_lang>
		<title>Static Info</title>
		<description>
			 <![CDATA[
			<div class="customer_support static_info">
			<div class="container">
			<div class="row">
			<div class="col-xs-12 col-lg-4">
			<div class="info"><span class="icon_return"></span>
			<div class="txt"><span class="txt1">FREE RETURN </span> <span class="txt2">30 days money back guarantee!</span></div>
			</div>
			</div>
			<div class="col-xs-12 col-lg-4">
			<div class="info"><span class="icon_shipping"></span>
			<div class="txt"><span class="txt1">FREE shipping</span> <span class="txt2">Free shipping on all order</span></div>
			</div>
			</div>
			<div class="col-xs-12 col-lg-4">
			<div class="info"><span class="icon_support"></span>
			<div class="txt"><span class="txt1">Support 24/7</span> <span class="txt2">We support online 24 hours a day</span></div>
			</div>
			</div>
			</div>
			</div>
			</div>
			 ]]>
		</description>
	</block_lang>
	<block_lang>
		<id_posstaticblock>3</id_posstaticblock>
		<id_lang>1</id_lang>
		<title>Home Banner</title>
		<description>
			 <![CDATA[
			<div class="banner-home">
			<div class="banner-box"><a href="#"><img src="/pos_volga/img/cms/6_2.jpg" alt="" /></a></div>
			</div>
			 ]]>
		</description>
	</block_lang>
	<block_lang>
		<id_posstaticblock>4</id_posstaticblock>
		<id_lang>1</id_lang>
		<title>home_banner2</title>
		<description>
			 <![CDATA[
			<div class="banner-home">
			<div class="row">
			<div class="col col-sm-4 col-md-4 col-xs-12">
			<div class="banner-box"><a href="#"><img src="/pos_volga/img/cms/1_2.jpg" alt="" /> </a></div>
			<div class="banner-box"><a href="#"><img src="/pos_volga/img/cms/2_2.jpg" alt="" /> </a></div>
			</div>
			<div class="col col-sm-4 col-md-4 col-xs-12">
			<div class="banner-box"><a href="#"><img src="/pos_volga/img/cms/3_2.jpg" alt="" /> </a></div>
			</div>
			<div class="col col-sm-4 col-md-4 col-xs-12">
			<div class="banner-box"><a href="#"><img src="/pos_volga/img/cms/4_2.jpg" alt="" /> </a></div>
			<div class="banner-box"><a href="#"><img src="/pos_volga/img/cms/5_2.jpg" alt="" /> </a></div>
			</div>
			</div>
			</div>
			 ]]>
		</description>
	</block_lang>
	<block_lang>
		<id_posstaticblock>5</id_posstaticblock>
		<id_lang>1</id_lang>
		<title>Customer Support</title>
		<description>
			 <![CDATA[
			<div class="customer_support">
			<div class="container">
			<div class="row">
			<div class="col-xs-12 col-lg-4">
			<div class="info"><i class="material-icons">access_time</i>
			<div class="txt"><span class="txt1">Mon - Fri / 8:00 - 18:00</span> <span class="txt2">Working Days/Hours!</span></div>
			</div>
			</div>
			<div class="col-xs-12 col-lg-4">
			<div class="info"><i class="material-icons">speaker_phone</i>
			<div class="txt"><span class="txt1">888 345 6789</span> <span class="txt2">Free support line!</span></div>
			</div>
			</div>
			<div class="col-xs-12 col-lg-4">
			<div class="info"><i class="material-icons">mail_outline</i>
			<div class="txt"><span class="txt1">Support@posthemes.com</span> <span class="txt2">Orders Support!</span></div>
			</div>
			</div>
			</div>
			</div>
			</div>
			 ]]>
		</description>
	</block_lang>
	<block_lang>
		<id_posstaticblock>6</id_posstaticblock>
		<id_lang>1</id_lang>
		<title>Vegamenu Statics</title>
		<description>
			 <![CDATA[
			<div class="custom-menu-right"><a href="http://posthemes.com/"><img src="/pos_volga/img/cms/img_menu.jpg" alt="" /></a></div>
			 ]]>
		</description>
	</block_lang>
	
<!-- block shop configuration -->
	<block_shop>
		<id_posstaticblock>1</id_posstaticblock>
		<id_shop>1</id_shop>
	</block_shop>
	<block_shop>
		<id_posstaticblock>2</id_posstaticblock>
		<id_shop>1</id_shop>
	</block_shop>
	<block_shop>
		<id_posstaticblock>3</id_posstaticblock>
		<id_shop>1</id_shop>
	</block_shop>
	<block_shop>
		<id_posstaticblock>4</id_posstaticblock>
		<id_shop>1</id_shop>
	</block_shop>	
	<block_shop>
		<id_posstaticblock>5</id_posstaticblock>
		<id_shop>1</id_shop>
	</block_shop>
	<block_shop>
		<id_posstaticblock>6</id_posstaticblock>
		<id_shop>1</id_shop>
	</block_shop>	
</pos_static_blocks>